Header_시,Header_구,Header_동,Header_Timestamp,Header_단지명,Header_평형,target,Static__준공구분,Static__세대수구분,Static__평수구분,Static__건설사등급,Static__초품아여부,Static__역세권수,Static__호재수,depth1__ecos__base_rate,depth1__ecos__cd_91d_rate,depth1__ecos__cpi_housing,depth1__ecos__m2_avg,depth1__ecos__mortgage_rate_new,depth1__ecos__unemployment_rate,depth2__reb__apt_sale_supply_demand,depth2__reb__apt_jeonse_supply_demand,depth2__reb__apt_monthly_rent_supply_demand,depth3__reb__apt_sale_index,depth3__reb__apt_jeonse_index,depth3__policy__ltv_tightness,depth3__policy__dsr_severity,depth3__policy__is_speculative,depth3__policy__is_overheated,depth3__policy__is_regulated
서울특별시,양천구,신월동,2026-05-01,신월시영,50.67,70000.0,구축,대단지,소형,소형,초품아,0,0,2.5,2.82,118.53,4143515.8,4.31,2.9,,,,102.901214,101.05654,1,1,0,1,1
서울특별시,양천구,신월동,2026-04-01,신월시영,50.67,68500.0,구축,대단지,소형,소형,초품아,0,0,2.5,2.82,118.24,4143515.8,4.31,2.9,107.623888182973,108.163913595934,109.30749682338,102.60905,100.707054,1,1,0,1,1
서울특별시,양천구,신월동,2026-03-01,신월시영,50.67,67000.0,구축,대단지,소형,소형,초품아,0,0,2.5,2.82,118.05,4143515.8,4.34,3.0,105.781448538755,104.987293519695,107.814485387548,101.961039,100.344252,1,1,0,1,1
서울특별시,양천구,신월동,2026-02-01,신월시영,50.67,62500.0,구축,대단지,소형,소형,초품아,0,0,2.5,2.78,117.83,4111822.7,4.32,3.4,106.925031766201,104.574332909784,107.560355781449,100.900212,100.054534,1,1,0,1,1
서울특별시,양천구,신월동,2026-01-01,신월시영,50.67,61500.0,구축,대단지,소형,소형,초품아,0,0,2.5,2.7,117.36,4105513.1,4.29,4.1,107.878017789072,105.749682337992,107.274459974587,100.0,100.0,1,1,0,1,1
서울특별시,양천구,신월동,2025-12-01,신월시영,50.67,61000.0,구축,대단지,소형,소형,초품아,0,0,2.5,2.84,117.12,4089671.2,4.23,4.1,106.226175349428,105.622617534943,107.05209656925,99.263193,99.534414,1,1,0,1,1
서울특별시,양천구,신월동,2025-11-01,신월시영,50.67,58500.0,구축,대단지,소형,소형,초품아,0,0,2.5,2.69,116.89,4066699.3,4.17,2.2,104.92376111817,105.019059720457,107.083862770013,98.571288,98.841524,1,1,0,1,1
서울특별시,양천구,신월동,2025-10-01,신월시영,50.67,57500.0,구축,대단지,소형,소형,초품아,0,0,2.5,2.55,116.94,4056854.5,3.98,2.2,106.257941550191,104.38373570521,106.861499364676,96.584051,98.553888,1,1,0,1,1
서울특별시,양천구,신월동,2025-09-01,신월시영,50.67,57500.0,구축,대단지,소형,소형,초품아,0,0,2.5,2.56,116.71,4055458.9,3.96,2.1,104.447268106734,103.335451080051,105.304955527319,95.138025,98.350246,-1,1,0,0,0
서울특별시,양천구,신월동,2025-08-01,신월시영,50.67,55000.0,구축,대단지,소형,소형,초품아,0,0,2.5,2.51,115.37,4031011.4,3.96,2.0,103.271918678526,102.731893265565,105.114358322745,94.419272,98.068765,-1,1,0,0,0
서울특별시,양천구,신월동,2025-07-01,신월시영,50.67,55000.0,구축,대단지,소형,소형,초품아,0,0,2.5,2.51,115.16,3993116.2,3.96,2.4,104.860228716645,102.890724269377,103.939008894536,94.046357,97.93159,-1,1,0,0,0
서울특별시,양천구,신월동,2025-06-01,신월시영,50.67,53500.0,구축,대단지,소형,소형,초품아,0,0,2.5,2.57,116.56,3972892.3,3.93,2.8,106.035578144854,103.113087674714,104.161372299873,91.548699,97.554766,-1,1,0,0,0
서울특별시,양천구,신월동,2025-05-01,신월시영,50.67,53000.0,구축,대단지,소형,소형,초품아,0,0,2.5,2.67,116.47,3955366.9,3.87,2.8,103.58958068615,102.414231257942,103.811944091487,88.835743,96.778335,-1,1,0,0,0
서울특별시,양천구,신월동,2025-04-01,신월시영,50.67,53000.0,구축,대단지,소형,소형,초품아,0,0,2.75,2.74,116.24,3935845.0,3.98,2.9,102.191867852605,101.620076238882,102.79542566709,87.213747,96.444738,-1,1,0,0,0
서울특별시,양천구,신월동,2025-03-01,신월시영,50.67,53000.0,구축,대단지,소형,소형,초품아,0,0,2.75,2.84,116.25,3924087.0,4.17,3.1,102.700964630225,101.414790996785,103.215434083601,85.381219,95.953328,-1,1,0,0,0
서울특별시,양천구,신월동,2025-02-01,신월시영,50.67,53000.0,구축,대단지,소형,소형,초품아,0,0,2.75,2.95,116.47,3920448.5,4.23,3.2,100.128617363344,99.935691318328,102.797427652733,84.687911,95.667608,-1,1,0,0,0
서울특별시,양천구,신월동,2025-01-01,신월시영,50.67,53000.0,구축,대단지,소형,소형,초품아,0,0,3.0,3.04,115.87,3921714.4,4.27,3.7,99.2282958199357,98.9067524115756,101.543408360129,84.500192,95.404727,-1,1,0,0,0
서울특별시,양천구,신월동,2024-12-01,신월시영,50.67,53000.0,구축,대단지,소형,소형,초품아,0,0,3.0,3.35,115.67,3906282.9,4.25,3.8,99.5819935691318,99.5498392282958,102.090032154341,84.347653,95.14719,-1,1,0,0,0
서울특별시,양천구,신월동,2024-11-01,신월시영,50.67,53000.0,구축,대단지,소형,소형,초품아,0,0,3.0,3.42,115.48,3881925.7,4.3,2.2,100.96463022508,100.771704180064,102.668810289389,84.130968,94.916593,-1,1,0,0,0
서울특별시,양천구,신월동,2024-10-01,신월시영,50.67,53000.0,구축,대단지,소형,소형,초품아,0,0,3.25,3.43,115.51,3856940.4,4.05,2.3,101.897106109325,102.508038585209,103.697749196141,83.861687,94.319904,-1,1,0,0,0
서울특별시,양천구,신월동,2024-09-01,신월시영,50.67,53000.0,구축,대단지,소형,소형,초품아,0,0,3.5,3.52,115.36,3845751.5,3.74,2.1,102.829581993569,104.051446945338,104.11575562701,83.18472,93.623785,-1,1,0,0,0
서울특별시,양천구,신월동,2024-08-01,신월시영,50.67,53000.0,구축,대단지,소형,소형,초품아,0,0,3.5,3.5,113.92,3828979.7,3.51,1.9,104.790996784566,106.109324758842,103.408360128617,82.187115,93.14782,-1,1,0,0,0
서울특별시,양천구,신월동,2024-07-01,신월시영,50.67,53000.0,구축,대단지,소형,소형,초품아,0,0,3.5,3.54,113.07,3825246.7,3.5,2.5,103.85852,106.30225,104.308685,81.393944,92.220141,-1,1,0,0,0
서울특별시,양천구,신월동,2024-06-01,신월시영,50.67,53000.0,구축,대단지,소형,소형,초품아,0,0,3.5,3.6,114.43,3809703.4,3.71,2.9,98.5530546623794,104.340836012862,102.604501607717,81.118623,91.584876,-1,1,0,0,0
서울특별시,양천구,신월동,2024-05-01,신월시영,50.67,53750.0,구축,대단지,소형,소형,초품아,0,0,3.5,3.6,114.26,3811701.4,3.91,3.0,94.7588424437299,103.151125401929,100.578778135048,81.12426,91.001584,-1,1,0,0,0
서울특별시,양천구,신월동,2024-04-01,신월시영,50.67,54000.0,구축,대단지,소형,소형,초품아,0,0,3.5,3.57,114.15,3814826.3,3.93,3.0,92.3472668810289,101.189710610932,98.9710610932476,81.163039,90.825073,-1,1,0,0,0
서울특별시,양천구,신월동,2024-03-01,신월시영,50.67,55000.0,구축,대단지,소형,소형,초품아,0,0,3.5,3.65,114.11,3811740.1,3.94,3.0,88.3601286173633,100.353697749196,98.5209003215434,81.228126,90.400373,-1,1,0,0,0
서울특별시,양천구,신월동,2024-02-01,신월시영,50.67,55000.0,구축,대단지,소형,소형,초품아,0,0,3.5,3.69,114.22,3758300.3,3.96,3.2,85.2733118971061,97.363344051447,98.5852090032154,81.354007,89.94485,-1,1,0,0,0
서울특별시,양천구,신월동,2024-01-01,신월시영,50.67,56000.0,구축,대단지,소형,소형,초품아,0,0,3.5,3.74,113.84,3725946.1,3.99,3.7,84.1800643086817,97.2668810289389,97.395498392283,81.446617,89.52635,-1,1,0,0,0
서울특별시,양천구,신월동,2023-12-01,신월시영,50.67,56000.0,구축,대단지,소형,소형,초품아,0,0,3.5,3.83,113.72,3747579.6,4.16,3.3,84.8278102664068,98.4730344379467,97.4333983105913,81.641793,88.641688,-1,1,0,0,0
서울특별시,양천구,신월동,2023-11-01,신월시영,50.67,56500.0,구축,대단지,소형,소형,초품아,0,0,3.5,3.83,113.58,3756518.2,4.48,2.3,88.2066276803119,99.1877842755036,97.5958414554906,81.565203,88.008061,-1,1,0,0,0
서울특별시,양천구,신월동,2023-10-01,신월시영,50.67,57000.0,구축,대단지,소형,소형,초품아,0,0,3.5,3.82,113.67,3724082.9,4.56,2.1,91.3255360623782,99.8050682261209,97.4333983105913,81.373671,87.488551,-1,1,0,0,0
서울특별시,양천구,신월동,2023-09-01,신월시영,50.67,57500.0,구축,대단지,소형,소형,초품아,0,0,3.5,3.76,113.3,3707489.5,4.35,2.3,91.1955815464588,97.2384665367122,96.7836257309942,80.792959,86.952353,-1,1,0,0,0
서울특별시,양천구,신월동,2023-08-01,신월시영,50.67,57500.0,구축,대단지,소형,소형,초품아,0,0,3.5,3.7,111.85,3702522.0,4.31,2.0,89.083820662768,95.9714100064977,94.541910331384,80.294115,86.52449,-1,1,0,0,0
서울특별시,양천구,신월동,2023-07-01,신월시영,50.67,58500.0,구축,대단지,소형,소형,초품아,0,0,3.5,3.75,111.75,3711566.1,4.28,2.7,85.3476283300845,89.4087069525666,92.267706302794,79.991808,86.532256,-1,1,0,0,0
서울특별시,양천구,신월동,2023-06-01,신월시영,50.67,59500.0,구축,대단지,소형,소형,초품아,0,0,3.5,3.75,113.11,3677915.5,4.26,2.7,82.3911630929175,88.2391163092918,90.90318388564,79.881826,86.558777,-1,1,0,0,0
서울특별시,양천구,신월동,2023-05-01,신월시영,50.67,59500.0,구축,대단지,소형,소형,초품아,0,0,3.5,3.64,112.55,3663874.9,4.21,2.7,78.0051981806368,82.5860948667966,90.0909681611436,79.994242,86.523419,-1,1,0,0,0
서울특별시,양천구,신월동,2023-04-01,신월시영,50.67,60500.0,구축,대단지,소형,소형,초품아,0,0,3.5,3.5,111.99,3676695.1,4.24,2.8,71.4749837556855,74.4639376218324,87.5568551007147,80.263126,86.840837,-1,1,0,0,0
서울특별시,양천구,신월동,2023-03-01,신월시영,50.67,60500.0,구축,대단지,소형,소형,초품아,0,0,3.5,3.61,111.97,3686478.4,4.4,2.9,65.464587394412,63.2553606237817,85.2826510721248,80.770825,87.541475,-1,1,0,0,0
서울특별시,양천구,신월동,2023-02-01,신월시영,50.67,62000.0,구축,대단지,소형,소형,초품아,0,0,3.5,3.52,112.35,3685209.3,4.56,3.1,60.6562703053931,56.140350877193,82.5860948667966,81.317254,88.936276,-1,1,0,0,0
서울특별시,양천구,신월동,2023-01-01,신월시영,50.67,63000.0,구축,대단지,소형,소형,초품아,0,0,3.5,3.8,111.75,3682287.7,4.58,3.6,60.8512020792723,54.6783625730994,83.4307992202729,81.687408,90.848557,-1,1,0,0,0
서울특별시,양천구,신월동,2022-12-01,신월시영,50.67,63000.0,구축,대단지,소형,소형,초품아,0,0,3.25,4.02,110.57,3679694.2,4.63,3.0,60.5807743658211,58.4445927903872,88.6181575433912,83.083392,94.566805,1,1,1,1,1
서울특별시,양천구,신월동,2022-11-01,신월시영,50.67,63000.0,구축,대단지,소형,소형,초품아,0,0,3.25,3.99,110.43,3681908.2,4.74,2.3,66.3217623497997,65.8878504672897,93.0240320427236,84.244055,97.722793,1,1,1,1,1
서울특별시,양천구,신월동,2022-10-01,신월시영,50.67,64000.0,구축,대단지,소형,소형,초품아,0,0,3.0,3.69,110.49,3633484.1,4.82,2.4,77.8704939919893,78.0707610146863,98.2309746328438,85.613296,100.241933,1,1,1,1,1
서울특별시,양천구,신월동,2022-09-01,신월시영,50.67,68500.0,구축,대단지,소형,소형,초품아,0,0,2.5,3.01,108.39,3603613.7,4.79,2.4,84.9465954606141,85.547396528705,97.8971962616822,86.20456,101.187536,1,1,1,1,1
서울특별시,양천구,신월동,2022-08-01,신월시영,50.67,69000.0,구축,대단지,소형,소형,초품아,0,0,2.5,2.79,106.91,3598797.9,4.35,2.1,87.5166889185581,88.4512683578104,98.8317757009346,86.419385,101.610573,1,1,1,1,1
서울특별시,양천구,신월동,2022-07-01,신월시영,50.67,70500.0,구축,대단지,소형,소형,초품아,0,0,2.25,2.41,106.71,3577276.8,4.16,2.9,89.5861148197597,91.2883845126836,98.2954545454545,86.600309,101.663482,1,1,1,1,1
서울특별시,양천구,신월동,2022-06-01,신월시영,50.67,70500.0,구축,대단지,소형,소형,초품아,0,0,1.75,1.99,106.83,3557150.9,4.04,3.0,90.4539385847797,93.0574098798398,98.6982643524699,86.593278,101.397636,1,1,1,1,1
서울특별시,양천구,신월동,2022-05-01,신월시영,50.67,70500.0,구축,대단지,소형,소형,초품아,0,0,1.75,1.77,106.49,3536839.0,3.9,3.0,91.6889185580774,92.890520694259,99.0320427236315,86.375089,101.044595,1,1,1,1,1
서울특별시,양천구,신월동,2022-04-01,신월시영,50.67,70000.0,구축,대단지,소형,소형,초품아,0,0,1.5,1.64,105.83,3512106.3,3.9,3.0,91.154873164219,92.9906542056075,97.8304405874499,86.153501,100.985048,1,1,1,1,1
서울특별시,양천구,신월동,2022-03-01,신월시영,50.67,70000.0,구축,대단지,소형,소형,초품아,0,0,1.25,1.5,104.9,3492163.0,3.84,3.0,90.4205607476636,90.6542056074766,99.2656875834446,86.100491,101.197896,1,1,1,1,1
서울특별시,양천구,신월동,2022-02-01,신월시영,50.67,70000.0,구축,대단지,소형,소형,초품아,0,0,1.25,1.5,104.77,3471671.0,3.88,3.4,90.0200267022697,91.1214953271028,99.2323097463284,86.156095,101.571082,1,1,1,1,1
서울특별시,양천구,신월동,2022-01-01,신월시영,50.67,70000.0,구축,대단지,소형,소형,초품아,0,0,1.25,1.39,103.95,3440654.1,3.85,4.1,91.388518024032,92.890520694259,101.001335113485,85.950852,101.343818,1,1,1,1,1
서울특별시,양천구,신월동,2021-12-01,신월시영,50.67,70000.0,구축,대단지,소형,소형,초품아,0,0,1.0,1.27,103.4,3403332.6,3.63,3.5,94.5927903871829,95.9946595460614,98.6622073578595,85.67437,100.998941,1,1,1,1,1
서울특별시,양천구,신월동,2021-11-01,신월시영,50.67,70000.0,구축,대단지,소형,소형,초품아,0,0,1.0,1.17,103.11,3391820.7,3.51,2.6,99.1989319092123,99.8331108144192,99.4993324432577,85.410692,100.391969,1,1,1,1,1
서울특별시,양천구,신월동,2021-10-01,신월시영,50.67,69000.0,구축,대단지,소형,소형,초품아,0,0,0.75,1.08,102.87,3350628.5,3.26,2.8,112.917222963952,111.849132176235,103.504672897196,84.567723,99.448026,1,1,1,1,1
서울특별시,양천구,신월동,2021-09-01,신월시영,50.67,69000.0,구축,대단지,소형,소형,초품아,0,0,0.75,0.98,102.28,3308123.4,3.01,2.7,125.0,119.526034712951,105.907877169559,83.748917,98.879342,1,1,1,1,1
서울특별시,양천구,신월동,2021-08-01,신월시영,50.67,68500.0,구축,대단지,소형,소형,초품아,0,0,0.75,0.77,100.78,3292680.5,2.88,2.6,124.899866488652,123.030707610147,102.970627503338,82.784936,97.844705,1,1,1,1,1
서울특별시,양천구,신월동,2021-07-01,신월시영,50.67,68250.0,구축,대단지,소형,소형,초품아,0,0,0.5,0.69,100.52,3267778.3,2.81,3.2,121.795727636849,120.627503337784,101.535380507343,81.832137,97.049865,1,1,1,1,1
서울특별시,양천구,신월동,2021-06-01,신월시영,50.67,68250.0,구축,대단지,소형,소형,초품아,0,0,0.5,0.66,101.61,3226311.9,2.74,3.8,118.414322250639,112.787723785166,108.312020460358,81.04565,96.233626,1,0,1,1,1
서울특별시,양천구,신월동,2021-05-01,신월시영,50.67,68500.0,구축,대단지,소형,소형,초품아,0,0,0.5,0.68,101.44,3215002.7,2.69,4.0,110.997442455243,110.102301790281,109.20716112532,79.900641,95.468585,1,0,1,1,1
서울특별시,양천구,신월동,2021-04-01,신월시영,50.67,68500.0,구축,대단지,소형,소형,초품아,0,0,0.5,0.74,101.17,3187670.1,2.73,4.0,110.358056265985,111.764705882353,110.613810741688,78.926652,94.87437,1,0,1,1,1
서울특별시,양천구,신월동,2021-03-01,신월시영,50.67,67750.0,구축,대단지,소형,소형,초품아,0,0,0.5,0.75,101.18,3139905.3,2.73,4.3,115.089514066496,117.007672634271,114.322250639386,78.333884,94.418598,1,0,1,1,1
서울특별시,양천구,신월동,2021-02-01,신월시영,50.67,65750.0,구축,대단지,소형,소형,초품아,0,0,0.5,0.73,100.89,3109468.9,2.66,4.9,118.542199488491,121.611253196931,117.902813299233,77.382313,94.175474,1,0,1,1,1
서울특별시,양천구,신월동,2021-01-01,신월시영,50.67,64500.0,구축,대단지,소형,소형,초품아,0,0,0.5,0.68,100.35,3068301.1,2.63,5.7,117.007672634271,125.831202046036,120.716112531969,76.189952,93.168076,1,0,1,1,1
서울특별시,양천구,신월동,2020-12-01,신월시영,50.67,61500.0,구축,대단지,소형,소형,초품아,0,0,0.5,0.66,100.3,3042608.9,2.59,4.1,113.554987212276,130.051150895141,122.378516624041,75.580791,91.950763,1,0,1,1,1
서울특별시,양천구,신월동,2020-11-01,신월시영,50.67,60250.0,구축,대단지,소형,소형,초품아,0,0,0.5,0.66,100.18,3040116.3,2.56,3.4,110.613810741688,129.028132992327,119.053708439898,74.699176,89.544258,1,0,1,1,1
서울특별시,양천구,신월동,2020-10-01,신월시영,50.67,59250.0,구축,대단지,소형,소형,초품아,0,0,0.5,0.63,100.26,3013099.3,2.47,3.7,108.312020460358,122.250639386189,117.135549872123,73.999785,87.109294,1,0,1,1,1
서울특별시,양천구,신월동,2020-09-01,신월시영,50.67,59000.0,구축,대단지,소형,소형,초품아,0,0,0.5,0.63,99.97,2975068.2,2.44,3.6,118.286445012788,117.007672634271,112.659846547315,73.609884,86.094495,1,0,1,1,1
서울특별시,양천구,신월동,2020-08-01,신월시영,50.67,58250.0,구축,대단지,소형,소형,초품아,0,0,0.5,0.68,98.46,2957258.4,2.39,3.1,123.785166240409,114.578005115089,108.951406649616,72.41801,84.620098,1,0,1,1,1
서울특별시,양천구,신월동,2020-07-01,신월시영,50.67,56500.0,구축,대단지,소형,소형,초품아,0,0,0.5,0.79,98.14,2948195.4,2.45,4.0,124.680306905371,110.997442455243,105.115089514066,70.876133,84.03177,1,0,1,1,1
서울특별시,양천구,신월동,2020-06-01,신월시영,50.67,53000.0,구축,대단지,소형,소형,초품아,0,0,0.5,0.79,100.29,2924178.4,2.49,4.3,112.27621483376,107.928388746803,101.918158567775,69.449903,83.574686,1,0,1,1,1
서울특별시,양천구,신월동,2020-05-01,신월시영,50.67,51500.0,구축,대단지,소형,소형,초품아,0,0,0.5,1.02,100.2,2903430.1,2.52,4.5,103.324808184143,102.429667519182,98.7212276214834,68.940024,83.164553,1,0,1,1,1
서울특별시,양천구,신월동,2020-04-01,신월시영,50.67,51000.0,구축,대단지,소형,소형,초품아,0,0,0.75,1.1,100.56,2862592.4,2.58,4.2,111.892583120205,106.521739130435,104.731457800512,68.996006,83.243087,1,0,1,1,1
서울특별시,양천구,신월동,2020-03-01,신월시영,50.67,51000.0,구축,대단지,소형,소형,초품아,0,0,0.75,1.23,100.68,2797940.6,2.48,4.2,115.473145780051,107.928388746803,106.13810741688,68.70893,83.388067,1,0,1,1,1
서울특별시,양천구,신월동,2020-02-01,신월시영,50.67,50500.0,구축,대단지,소형,소형,초품아,0,0,1.25,1.42,100.76,2772876.6,2.52,4.1,115.217391304348,114.322250639386,108.823529411765,67.558249,83.264788,1,0,1,1,1
서울특별시,양천구,신월동,2020-01-01,신월시영,50.67,44500.0,구축,대단지,소형,소형,초품아,0,0,1.25,1.47,100.17,2738719.5,2.51,4.1,126.342710997442,121.483375959079,111.892583120205,66.839813,82.707513,1,0,1,1,1
서울특별시,양천구,신월동,2019-12-01,신월시영,50.67,42750.0,구축,대단지,소형,소형,초품아,0,0,1.25,1.53,100.215,2709976.7,2.45,3.4,133.563535911602,127.348066298343,113.397790055249,65.774606,81.657545,1,0,1,1,1
서울특별시,양천구,신월동,2019-11-01,신월시영,50.67,39000.0,구축,대단지,소형,소형,초품아,0,0,1.25,1.52,100.05,2714224.7,2.45,3.1,112.569060773481,111.187845303867,100.828729281768,64.814136,81.061257,1,0,1,1,1
서울특별시,양천구,신월동,2019-10-01,신월시영,50.67,36250.0,구축,대단지,소형,소형,초품아,0,0,1.25,1.46,100.06,2684616.6,2.5,3.0,108.011049723757,108.011049723757,95.0276243093923,64.248972,80.773605,1,0,1,1,1
서울특별시,양천구,신월동,2019-09-01,신월시영,50.67,35000.0,구축,대단지,소형,소형,초품아,0,0,1.5,1.54,99.905,2657896.1,2.51,3.1,97.9281767955801,103.453038674033,93.5082872928177,63.476895,80.528172,1,0,1,1,1
서울특별시,양천구,신월동,2019-08-01,신월시영,50.67,34500.0,구축,대단지,소형,소형,초품아,0,0,1.5,1.49,98.327,2644620.3,2.47,3.0,96.8232044198895,95.4419889502762,88.9502762430939,63.243298,80.441436,1,0,1,1,1
서울특별시,양천구,신월동,2019-07-01,신월시영,50.67,34500.0,구축,대단지,소형,소형,초품아,0,0,1.5,1.68,98.249,2626313.4,2.64,3.9,87.1546961325967,86.4640883977901,79.5580110497238,62.964677,80.268547,1,0,1,1,1
서울특별시,양천구,신월동,2019-06-01,신월시영,50.67,34500.0,구축,대단지,소형,소형,초품아,0,0,1.75,1.8,99.634,2610924.0,2.74,4.0,75.1381215469613,77.7624309392265,76.5193370165746,62.459481,80.150045,1,0,1,1,1
서울특별시,양천구,신월동,2019-05-01,신월시영,50.67,34500.0,구축,대단지,소형,소형,초품아,0,0,1.75,1.84,99.576,2588405.6,2.93,4.0,70.5801104972376,71.4088397790055,70.9944751381216,62.362372,80.214607,1,0,1,1,1
서울특별시,양천구,신월동,2019-04-01,신월시영,50.67,34500.0,구축,대단지,소형,소형,초품아,0,0,1.75,1.86,99.498,2586645.8,2.98,4.4,69.8895027624309,72.0994475138122,71.1325966850829,62.364485,80.283039,1,0,1,1,1
서울특별시,양천구,신월동,2019-03-01,신월시영,50.67,34500.0,구축,대단지,소형,소형,초품아,0,0,1.75,1.9,99.74,2567458.8,3.04,4.3,72.5138121546961,73.6187845303867,70.3038674033149,62.6119,80.471926,1,0,1,1,1
서울특별시,양천구,신월동,2019-02-01,신월시영,50.67,34500.0,구축,대단지,소형,소형,초품아,0,0,1.75,1.87,99.876,2552142.8,3.08,4.7,76.7955801104972,77.0718232044199,75.2762430939226,62.699746,80.748499,1,0,1,1,1
서울특별시,양천구,신월동,2019-01-01,신월시영,50.67,34500.0,구축,대단지,소형,소형,초품아,0,0,1.75,1.87,98.724,2541916.3,3.12,4.5,85.4972375690608,87.9834254143646,86.878453038674,62.726321,80.949558,1,0,1,1,1
서울특별시,양천구,신월동,2018-12-01,신월시영,50.67,34500.0,구축,대단지,소형,소형,초품아,0,0,1.75,1.91,98.975,2516938.0,3.19,3.4,94.7010869565217,96.195652173913,93.3423913043478,62.781973,81.018188,1,0,1,1,1
서울특별시,양천구,신월동,2018-11-01,신월시영,50.67,34500.0,구축,대단지,소형,소형,초품아,0,0,1.75,1.71,98.995,2521497.0,3.28,3.2,103.260869565217,103.260869565217,96.875,62.740789,80.818932,1,0,1,1,1
서울특별시,양천구,신월동,2018-10-01,신월시영,50.67,34500.0,구축,대단지,소형,소형,초품아,0,0,1.5,1.68,99.072,2510524.0,3.31,3.5,108.016304347826,103.532608695652,97.0108695652174,62.45416,80.646454,1,0,1,1,1
서울특별시,양천구,신월동,2018-09-01,신월시영,50.67,27750.0,구축,대단지,소형,소형,초품아,0,0,1.5,1.65,98.801,2482947.8,3.29,3.6,119.836956521739,105.434782608696,96.4673913043478,61.147201,79.79349,1,0,1,1,1
서울특별시,양천구,신월동,2018-08-01,신월시영,50.67,26500.0,구축,대단지,소형,소형,초품아,0,0,1.5,1.65,97.145,2489936.9,3.36,4.0,114.945652173913,104.347826086957,93.8858695652174,58.02164,79.124525,1,0,1,1,1
서울특별시,양천구,신월동,2018-07-01,신월시영,50.67,25750.0,구축,대단지,소형,소형,초품아,0,0,1.5,1.65,96.903,2479242.3,3.44,3.7,103.66847826087,102.853260869565,94.1576086956522,57.059386,78.903722,1,0,1,1,1
서울특별시,양천구,신월동,2018-06-01,신월시영,50.67,25750.0,구축,대단지,소형,소형,초품아,0,0,1.5,1.65,98.452,2462035.2,3.46,3.7,98.7771739130435,95.6521739130435,91.7119565217391,56.782664,78.820974,1,0,1,1,1
서울특별시,양천구,신월동,2018-05-01,신월시영,50.67,25750.0,구축,대단지,소형,소형,초품아,0,0,1.5,1.65,98.53,2456570.7,3.49,4.0,100.54347826087,94.5652173913043,89.6739130434783,56.666368,78.754728,1,0,1,1,1
서울특별시,양천구,신월동,2018-04-01,신월시영,50.67,25750.0,구축,대단지,소형,소형,초품아,0,0,1.5,1.65,98.549,2448397.7,3.47,4.1,101.766304347826,95.7880434782609,91.1684782608696,56.522021,78.807141,1,0,1,1,1
서울특별시,양천구,신월동,2018-03-01,신월시영,50.67,25750.0,구축,대단지,소형,소형,초품아,0,0,1.5,1.65,98.569,2432805.4,3.45,4.5,103.532608695652,99.7282608695652,93.8858695652174,56.316457,78.87024,1,0,1,1,1
서울특별시,양천구,신월동,2018-02-01,신월시영,50.67,25750.0,구축,대단지,소형,소형,초품아,0,0,1.5,1.65,98.404,2435665.0,3.46,4.6,107.880434782609,104.755434782609,97.6902173913043,55.896735,78.74661,1,0,1,1,1
서울특별시,양천구,신월동,2018-01-01,신월시영,50.67,25750.0,구축,대단지,소형,소형,초품아,0,0,1.5,1.66,97.852,2409680.6,3.47,3.7,105.978260869565,105.163043478261,96.875,55.165152,78.646901,1,0,1,1,1
서울특별시,양천구,신월동,2017-12-01,신월시영,50.67,25500.0,구축,대단지,소형,소형,초품아,0,0,1.5,1.66,97.678,2397310.3,3.42,3.3,104.076086956522,103.940217391304,97.6902173913043,54.147845,78.19979,1,0,1,1,1
서울특별시,양천구,신월동,2017-11-01,신월시영,50.67,25500.0,구축,대단지,소형,소형,초품아,0,0,1.5,1.45,97.494,2396513.7,3.39,3.1,100.783699059561,105.485893416928,99.0595611285267,53.469756,77.80354,1,0,1,1,1
서울특별시,양천구,신월동,2017-10-01,신월시영,50.67,25250.0,구축,대단지,소형,소형,초품아,0,0,1.25,1.38,98.336,2377101.6,3.33,3.2,101.253918495298,104.388714733542,100.626959247649,53.04058,77.598853,1,0,1,1,1
서울특별시,양천구,신월동,2017-09-01,신월시영,50.67,25250.0,구축,대단지,소형,소형,초품아,0,0,1.25,1.38,98.104,2357175.9,3.24,3.3,101.41065830721,103.605015673981,100.470219435737,52.909587,77.339511,1,0,1,1,1
서울특별시,양천구,신월동,2017-08-01,신월시영,50.67,25250.0,구축,대단지,소형,소형,초품아,0,0,1.25,1.39,98.065,2356541.3,3.28,3.6,101.880877742947,101.253918495298,100.470219435737,52.820932,77.22807,1,0,1,1,1
서울특별시,양천구,신월동,2017-07-01,신월시영,50.67,25250.0,구축,대단지,소형,소형,초품아,0,0,1.25,1.39,97.939,2345077.5,3.28,3.4,107.680250783699,106.112852664577,100.626959247649,52.342694,76.811431,-1,-1,0,0,1
서울특별시,양천구,신월동,2017-06-01,신월시영,50.67,24750.0,구축,대단지,소형,소형,초품아,0,0,1.25,1.38,97.939,2325707.9,3.22,3.8,114.576802507837,108.307210031348,100.626959247649,51.994625,76.671718,-1,-1,0,0,1
서울특별시,양천구,신월동,2017-05-01,신월시영,50.67,24750.0,구축,대단지,소형,소형,초품아,0,0,1.25,1.39,97.852,2321319.8,3.26,3.6,108.490566037736,107.075471698113,100.471698113208,51.564282,76.576675,-1,-1,0,0,1
서울특별시,양천구,신월동,2017-04-01,신월시영,50.67,24750.0,구축,대단지,소형,소형,초품아,0,0,1.25,1.43,97.513,2313073.2,3.21,4.2,100.0,106.112852664577,99.3730407523511,51.445485,76.556821,-1,-1,0,0,1
서울특별시,양천구,신월동,2017-03-01,신월시영,50.67,24750.0,구축,대단지,소형,소형,초품아,0,0,1.25,1.48,97.426,2289944.4,3.21,4.1,107.680250783699,109.404388714734,99.6865203761756,51.427531,76.569201,-1,-1,0,0,1
서울특별시,양천구,신월동,2017-02-01,신월시영,50.67,24750.0,구축,대단지,소형,소형,초품아,0,0,1.25,1.49,97.097,2284498.5,3.19,4.9,109.247648902821,112.852664576803,99.2163009404389,51.405894,76.625674,-1,-1,0,0,1
서울특별시,양천구,신월동,2017-01-01,신월시영,50.67,24750.0,구축,대단지,소형,소형,초품아,0,0,1.25,1.5,96.545,2272490.1,3.16,3.7,109.561128526646,112.852664576802,99.2163009404389,51.421833,76.639626,-1,-1,0,0,1
서울특별시,양천구,신월동,2016-12-01,신월시영,50.67,24750.0,구축,대단지,소형,소형,초품아,0,0,1.25,1.54,96.254,2260321.7,3.13,3.2,114.263322884013,119.435736677116,99.3730407523511,51.419307,76.475066,-1,-1,0,0,1
서울특별시,양천구,신월동,2016-11-01,신월시영,50.67,24750.0,구축,대단지,소형,소형,초품아,0,0,1.25,1.42,97.213,2258938.8,3.04,3.1,113.793103448276,122.413793103448,99.5297805642633,51.282115,76.364394,-1,-1,0,0,1
서울특별시,양천구,신월동,2016-10-01,신월시영,50.67,24750.0,구축,대단지,소형,소형,초품아,0,0,1.25,1.35,96.661,2231772.2,2.89,3.3,116.771159874608,121.630094043887,97.8056426332288,50.924974,76.044133,-1,-1,0,0,0
서울특별시,양천구,신월동,2016-09-01,신월시영,50.67,24750.0,구축,대단지,소형,소형,초품아,0,0,1.25,1.34,94.434,2214263.1,2.8,3.5,112.539184952978,123.354231974922,91.8495297805643,50.457226,75.647027,-1,-1,0,0,0
서울특별시,양천구,신월동,2016-08-01,신월시영,50.67,24250.0,구축,대단지,소형,소형,초품아,0,0,1.25,1.35,94.386,2215622.4,2.7,3.6,111.904761904762,123.650793650794,95.0793650793651,50.142821,75.405861,-1,-1,0,0,0
서울특별시,양천구,신월동,2016-07-01,신월시영,50.67,24000.0,구축,대단지,소형,소형,초품아,0,0,1.25,1.36,94.26,2198323.4,2.66,3.5,105.079365079365,121.111111111111,98.2539682539683,49.774418,75.175992,-1,-1,0,0,0
서울특별시,양천구,신월동,2016-06-01,신월시영,50.67,23850.0,구축,대단지,소형,소형,초품아,0,0,1.25,1.43,96.332,2177447.8,2.77,3.6,101.428571428571,120.634920634921,99.047619047619,49.497675,74.984833,-1,-1,0,0,0
서울특별시,양천구,신월동,2016-05-01,신월시영,50.67,23600.0,구축,대단지,소형,소형,초품아,0,0,1.5,1.58,96.187,2161918.8,2.89,3.6,98.8888888888889,118.730158730159,99.047619047619,49.289297,74.848589,-1,-1,0,0,0
서울특별시,양천구,신월동,2016-04-01,신월시영,50.67,23550.0,구축,대단지,소형,소형,초품아,0,0,1.5,1.61,96.438,2145161.1,2.93,3.9,96.8253968253968,116.349206349206,98.8888888888889,49.2444,75.024451,-1,-1,0,0,0
서울특별시,양천구,신월동,2016-03-01,신월시영,50.67,23500.0,구축,대단지,소형,소형,초품아,0,0,1.5,1.63,96.39,2132190.5,2.97,4.2,98.0952380952381,117.142857142857,98.7301587301587,49.252429,75.049588,-1,-1,0,0,0
서울특별시,양천구,신월동,2016-02-01,신월시영,50.67,23500.0,구축,대단지,소형,소형,초품아,0,0,1.5,1.64,97.107,2135969.9,2.99,4.9,98.2539682539683,118.253968253968,96.8253968253968,49.197599,74.789012,-1,-1,0,0,0
서울특별시,양천구,신월동,2016-01-01,신월시영,50.67,23250.0,구축,대단지,소형,소형,초품아,0,0,1.5,1.67,96.797,2108840.8,3.1,3.7,101.269841269841,124.126984126984,97.4603174603175,49.143344,74.561113,-1,-1,0,0,0
서울특별시,양천구,신월동,2015-12-01,신월시영,50.67,23000.0,구축,대단지,소형,소형,초품아,0,0,1.5,1.67,97.552,2091637.2,3.12,3.2,104.603174603175,126.984126984127,96.5079365079365,48.946769,74.258043,-1,-1,0,0,0
서울특별시,양천구,신월동,2015-11-01,신월시영,50.67,23000.0,구축,대단지,소형,소형,초품아,0,0,1.5,1.59,97.387,2087249.4,3.04,3.0,102.539682539683,124.920634920635,92.3809523809524,48.799405,73.537317,-1,-1,0,0,0
서울특별시,양천구,신월동,2015-10-01,신월시영,50.67,22850.0,구축,대단지,소형,소형,초품아,0,0,1.5,1.58,97.271,2074987.5,2.9,3.1,107.460317460317,124.761904761905,93.1746031746032,48.341481,72.614796,-1,-1,0,0,0
서울특별시,양천구,신월동,2015-09-01,신월시영,50.67,22600.0,구축,대단지,소형,소형,초품아,0,0,1.5,1.6,96.39,2069855.7,2.92,3.2,109.365079365079,124.285714285714,93.8095238095238,48.04452,72.120375,-1,-1,0,0,0
서울특별시,양천구,신월동,2015-08-01,신월시영,50.67,22250.0,구축,대단지,소형,소형,초품아,0,0,1.5,1.64,96.003,2061340.0,2.94,3.4,105.079365079365,119.52380952381,94.1269841269841,47.695474,71.329293,-1,-1,0,0,0
서울특별시,양천구,신월동,2015-07-01,신월시영,50.67,21850.0,구축,대단지,소형,소형,초품아,0,0,1.5,1.65,95.857,2049268.7,2.96,3.6,103.3333333,116.1904762,90.15873016,47.414766,70.823399,-1,-1,0,0,0
서울특별시,양천구,신월동,2015-06-01,신월시영,50.67,21750.0,구축,대단지,소형,소형,초품아,0,0,1.5,1.7,96.409,2026835.7,3.01,3.8,103.968253968254,114.126984126984,,47.239111,70.245594,-1,-1,0,0,0
서울특별시,양천구,신월동,2015-05-01,신월시영,50.67,21650.0,구축,대단지,소형,소형,초품아,0,0,1.75,1.8,96.293,2016539.9,3.06,3.7,102.539682539683,114.603174603175,,47.002409,69.716598,-1,-1,0,0,0
서울특별시,양천구,신월동,2015-04-01,신월시영,50.67,21550.0,구축,대단지,소형,소형,초품아,0,0,1.75,1.81,96.961,2004896.6,2.81,3.9,104.285714285714,115.555555555556,,46.804557,69.193996,-1,-1,0,0,0
서울특별시,양천구,신월동,2015-03-01,신월시영,50.67,21350.0,구축,대단지,소형,소형,초품아,0,0,1.75,1.95,96.845,1979709.1,2.97,4.0,99.5238095238095,112.698412698413,,46.506639,68.941773,-1,-1,0,0,0
서울특별시,양천구,신월동,2015-02-01,신월시영,50.67,21100.0,구축,대단지,소형,소형,초품아,0,0,2.0,2.12,97.629,1972706.1,3.24,4.5,96.6666666666667,111.587301587302,,46.288072,68.444168,-1,-1,0,0,0
서울특별시,양천구,신월동,2015-01-01,신월시영,50.67,21050.0,구축,대단지,소형,소형,초품아,0,0,2.0,2.13,97.329,1947913.1,3.34,3.7,94.9206349206349,112.857142857143,,46.243167,68.131556,-1,-1,0,0,0
서울특별시,양천구,신월동,2014-12-01,신월시영,50.67,21000.0,구축,대단지,소형,소형,초품아,0,0,2.0,2.13,97.84,1945050.1,3.33,3.3,92.6984126984127,116.825396825397,,46.213882,67.859444,-1,-1,0,0,0
서울특별시,양천구,신월동,2014-11-01,신월시영,50.67,21000.0,구축,대단지,소형,소형,초품아,0,0,2.0,2.14,97.807,1938971.7,3.3,3.0,95.2380952380952,113.174603174603,,46.176352,67.592349,-1,-1,0,0,0
서울특별시,양천구,신월동,2014-10-01,신월시영,50.67,21000.0,구축,대단지,소형,소형,초품아,0,0,2.0,2.21,97.732,1911864.4,3.38,3.2,101.269841269841,115.714285714286,,46.101572,67.399821,-1,-1,0,0,0
서울특별시,양천구,신월동,2014-09-01,신월시영,50.67,21000.0,구축,대단지,소형,소형,초품아,0,0,2.25,2.35,97.615,1901684.4,3.5,3.1,98.2539682539683,108.095238095238,,45.833335,67.244039,-1,-1,0,0,0
서울특별시,양천구,신월동,2014-08-01,신월시영,50.67,20850.0,구축,대단지,소형,소형,초품아,0,0,2.25,2.52,97.565,1893510.4,3.5,3.3,90.9523809523809,101.904761904762,,45.582042,67.053541,-1,-1,0,0,0
서울특별시,양천구,신월동,2014-07-01,신월시영,50.67,20850.0,구축,대단지,소형,소형,초품아,0,0,2.5,2.65,97.455,1870462.5,3.53,3.4,91.9047619047619,102.380952380952,,45.622334,67.084855,0,0,0,0,0
서울특별시,양천구,신월동,2014-06-01,신월시영,50.67,20850.0,구축,대단지,소형,소형,초품아,0,0,2.5,2.65,97.522,1857971.9,3.58,3.5,89.2063492063492,101.587301587302,,45.625733,67.071376,0,0,0,0,0
서울특별시,양천구,신월동,2014-05-01,신월시영,50.67,20850.0,구축,대단지,소형,소형,초품아,0,0,2.5,2.65,97.455,1844740.2,3.63,3.5,88.8888888888889,103.492063492063,,45.685857,67.080677,0,0,0,0,0
서울특별시,양천구,신월동,2014-04-01,신월시영,50.67,20850.0,구축,대단지,소형,소형,초품아,0,0,2.5,2.65,97.321,1828499.8,3.69,3.8,91.2698412698413,110.0,,45.693094,67.005286,0,0,0,0,0
서울특별시,양천구,신월동,2014-03-01,신월시영,50.67,20850.0,구축,대단지,소형,소형,초품아,0,0,2.5,2.65,97.179,1823642.5,3.69,3.9,93.1746031746032,120.31746031746,,45.687354,66.824384,0,0,0,0,0
서울특별시,양천구,신월동,2014-02-01,신월시영,50.67,20850.0,구축,대단지,소형,소형,초품아,0,0,2.5,2.65,97.138,1817451.3,3.71,4.5,94.2857142857143,121.904761904762,,45.603113,66.220491,0,0,0,0,0
서울특별시,양천구,신월동,2014-01-01,신월시영,50.67,20850.0,구축,대단지,소형,소형,초품아,0,0,2.5,2.65,96.777,1801014.8,3.75,3.4,89.0476190476191,120.952380952381,,45.594639,65.555327,0,0,0,0,0
서울특별시,양천구,신월동,2013-12-01,신월시영,50.67,20850.0,구축,대단지,소형,소형,초품아,0,0,2.5,2.65,95.883,1795723.8,3.74,3.0,83.0618892508143,119.381107491857,,45.551544,64.595627,0,0,0,0,0
서울특별시,양천구,신월동,2013-11-01,신월시영,50.67,20850.0,구축,대단지,소형,소형,초품아,0,0,2.5,2.65,95.698,1785757.8,3.77,2.6,90.8794788273616,119.706840390879,,45.555832,63.799448,0,0,0,0,0
서울특별시,양천구,신월동,2013-10-01,신월시영,50.67,20850.0,구축,대단지,소형,소형,초품아,0,0,2.5,2.66,95.272,1767029.8,3.81,2.7,88.9250814332248,113.355048859935,,45.554726,63.065077,0,0,0,0,0
서울특별시,양천구,신월동,2013-09-01,신월시영,50.67,20850.0,구축,대단지,소형,소형,초품아,0,0,2.5,2.66,95.104,1760373.2,3.82,2.7,82.4104234527687,112.214983713355,,45.503055,61.888097,0,0,0,0,0
서울특별시,양천구,신월동,2013-08-01,신월시영,50.67,20850.0,구축,대단지,소형,소형,초품아,0,0,2.5,2.66,95.045,1740581.1,3.8,3.0,76.5472312703583,104.885993485342,,45.561976,60.805498,0,0,0,0,0
서울특별시,양천구,신월동,2013-07-01,신월시영,50.67,20850.0,구축,대단지,소형,소형,초품아,0,0,2.5,2.68,94.769,1733257.0,3.77,3.1,78.9902280130293,96.742671009772,,45.714762,60.059387,0,0,0,0,0
서울특별시,양천구,신월동,2013-06-01,신월시영,50.67,21350.0,구축,대단지,소형,소형,초품아,0,0,2.5,2.69,94.652,1734971.5,3.73,3.1,86.6449511400651,103.583061889251,,45.801454,59.801357,0,0,0,0,0
서울특별시,양천구,신월동,2013-05-01,신월시영,50.67,21350.0,구축,대단지,소형,소형,초품아,0,0,2.5,2.72,94.619,1721704.9,3.77,3.0,91.3680781758958,108.469055374593,,45.931761,59.673763,0,0,0,0,0
서울특별시,양천구,신월동,2013-04-01,신월시영,50.67,21350.0,구축,대단지,소형,소형,초품아,0,0,2.75,2.8,94.418,1715120.9,3.86,3.2,91.3680781758958,108.14332247557,,45.998339,59.430233,0,0,0,0,0
서울특별시,양천구,신월동,2013-03-01,신월시영,50.67,21400.0,구축,대단지,소형,소형,초품아,0,0,2.75,2.81,94.351,1716563.4,3.97,3.5,72.6384364820847,109.28338762215,,46.107616,59.236764,0,0,0,0,0
서울특별시,양천구,신월동,2013-02-01,신월시영,50.67,21400.0,구축,대단지,소형,소형,초품아,0,0,2.75,2.83,93.731,1715144.7,4.06,3.9,68.2410423452769,100.651465798046,,46.26139,58.968544,0,0,0,0,0
서울특별시,양천구,신월동,2013-01-01,신월시영,50.67,21650.0,구축,대단지,소형,소형,초품아,0,0,2.75,2.86,93.28,1697513.0,4.17,3.4,68.24104235,98.6970684,,46.488848,58.549385,0,0,0,0,0
서울특별시,양천구,신월동,2012-12-01,신월시영,50.67,22250.0,구축,대단지,소형,소형,초품아,0,0,2.75,2.88,92.745,1686205.2,4.16,2.9,69.86970684,101.3029316,,46.683673,58.451549,0,0,0,0,0
서울특별시,양천구,신월동,2012-11-01,신월시영,50.67,22250.0,구축,대단지,소형,소형,초품아,0,0,2.75,2.85,92.442,1679360.0,4.19,2.8,71.49837134,111.7263844,,46.790457,58.25356,0,0,0,0,0
서울특별시,양천구,신월동,2012-10-01,신월시영,50.67,22300.0,구축,대단지,소형,소형,초품아,0,0,2.75,2.93,92.343,1674508.2,4.23,2.8,66.61237785,105.5374593,,46.949781,57.734303,0,0,0,0,0
서울특별시,양천구,신월동,2012-09-01,신월시영,50.67,22350.0,구축,대단지,소형,소형,초품아,0,0,3.0,3.14,92.083,1665438.6,4.29,2.9,70.03257329,103.4201954,,47.231821,57.266152,0,0,0,0,0
서울특별시,양천구,신월동,2012-08-01,신월시영,50.67,22400.0,구축,대단지,소형,소형,초품아,0,0,3.0,3.19,92.058,1664812.3,4.41,3.0,74.26710098,98.53420195,,47.579181,57.233877,0,0,0,0,0
서울특별시,양천구,신월동,2012-07-01,신월시영,50.67,22500.0,구축,대단지,소형,소형,초품아,0,0,3.0,3.34,91.681,1655335.6,4.64,3.1,68.0781759,91.53094463,,47.798627,57.322824,0,0,0,0,0
서울특별시,양천구,신월동,2012-06-01,신월시영,50.67,22500.0,구축,대단지,소형,소형,초품아,0,0,3.25,3.54,91.204,1647680.9,4.76,3.2,,,,48.164432,57.394306,0,0,0,0,0
서울특별시,양천구,신월동,2012-05-01,신월시영,50.67,22500.0,구축,대단지,소형,소형,초품아,0,0,3.25,3.54,91.079,1632740.2,4.85,3.1,,,,48.425247,57.50242,0,0,0,0,0
서울특별시,양천구,신월동,2012-04-01,신월시영,50.67,22500.0,구축,대단지,소형,소형,초품아,0,0,3.25,3.54,90.978,1627924.4,4.94,3.5,,,,48.650684,57.68428,0,0,0,0,0
서울특별시,양천구,신월동,2012-03-01,신월시영,50.67,22500.0,구축,대단지,소형,소형,초품아,0,0,3.25,3.54,90.886,1617218.3,5.0,3.7,,,,48.985465,57.835948,0,0,0,0,0
서울특별시,양천구,신월동,2012-02-01,신월시영,50.67,22500.0,구축,대단지,소형,소형,초품아,0,0,3.25,3.53,90.585,1614107.3,5.02,4.2,,,,49.226238,57.936461,0,0,0,0,0
서울특별시,양천구,신월동,2012-01-01,신월시영,50.67,22500.0,구축,대단지,소형,소형,초품아,0,0,3.25,3.55,89.899,1604021.0,5.06,3.5,,,,49.516749,57.988812,0,0,0,0,0
서울특별시,양천구,신월동,2011-12-01,신월시영,50.67,22500.0,구축,대단지,소형,소형,초품아,0,0,3.25,3.55,89.54,1599192.0,4.95,3.0,,,,49.76666,58.201175,0,0,0,0,0
서울특별시,양천구,신월동,2011-11-01,신월시영,50.67,22500.0,구축,대단지,소형,소형,초품아,0,0,3.25,3.56,89.205,1606159.0,5.01,2.9,,,,49.879069,58.303782,0,0,0,0,0
서울특별시,양천구,신월동,2011-10-01,신월시영,50.67,22500.0,구축,대단지,소형,소형,초품아,0,0,3.25,3.58,88.954,1596934.7,5.01,2.9,,,,50.164079,58.301286,0,0,0,0,0
서울특별시,양천구,신월동,2011-09-01,신월시영,50.67,23000.0,구축,대단지,소형,소형,초품아,0,0,3.25,3.58,88.2,1576181.7,5.0,3.0,,,,50.422558,57.773625,0,0,0,0,0
서울특별시,양천구,신월동,2011-08-01,신월시영,50.67,23000.0,구축,대단지,소형,소형,초품아,0,0,3.25,3.59,87.949,1569287.2,4.97,3.0,,,,50.551612,56.793626,0,0,0,0,0
서울특별시,양천구,신월동,2011-07-01,신월시영,50.67,23000.0,구축,대단지,소형,소형,초품아,0,0,3.25,3.59,87.53,1556276.9,4.9,3.3,,,,50.608206,56.053138,0,0,0,0,0
서울특별시,양천구,신월동,2011-06-01,신월시영,50.67,23250.0,구축,대단지,소형,소형,초품아,0,0,3.25,3.53,87.364,1550782.3,4.87,3.3,,,,50.734971,55.607633,0,0,0,0,0
서울특별시,양천구,신월동,2011-05-01,신월시영,50.67,23250.0,구축,대단지,소형,소형,초품아,0,0,3.0,3.46,87.112,1547876.0,4.9,3.2,,,,50.829415,55.250356,0,0,0,0,0
서울특별시,양천구,신월동,2011-04-01,신월시영,50.67,23250.0,구축,대단지,소형,소형,초품아,0,0,3.0,3.4,86.443,1538282.3,4.88,3.7,,,,50.941133,55.300561,0,0,0,0,0
서울특별시,양천구,신월동,2011-03-01,신월시영,50.67,23250.0,구축,대단지,소형,소형,초품아,0,0,3.0,3.35,86.192,1530185.1,4.89,4.3,,,,50.930197,55.37233,0,0,0,0,0
서울특별시,양천구,신월동,2011-02-01,신월시영,50.67,23250.0,구축,대단지,소형,소형,초품아,0,0,2.75,3.13,85.857,1525201.5,4.86,4.5,,,,50.852421,55.108786,0,0,0,0,0
서울특별시,양천구,신월동,2011-01-01,신월시영,50.67,23250.0,구축,대단지,소형,소형,초품아,0,0,2.75,2.93,85.355,1519652.1,4.8,3.8,,,,50.675012,54.442433,0,0,0,0,0
서울특별시,양천구,신월동,2010-12-01,신월시영,50.67,23250.0,구축,대단지,소형,소형,초품아,0,0,2.5,2.8,84.518,1516163.6,4.67,3.5,,,,50.510755,53.70921,0,0,0,0,0
서울특별시,양천구,신월동,2010-11-01,신월시영,50.67,23250.0,구축,대단지,소형,소형,초품아,0,0,2.5,2.73,84.183,1510264.6,4.65,3.0,,,,50.409895,52.662704,0,0,0,0,0
서울특별시,양천구,신월동,2010-10-01,신월시영,50.67,23250.0,구축,대단지,소형,소형,초품아,0,0,2.25,2.66,84.435,1496933.9,4.74,3.3,,,,50.441551,51.607814,0,0,0,0,0
서울특별시,양천구,신월동,2010-09-01,신월시영,50.67,23500.0,구축,대단지,소형,소형,초품아,0,0,2.25,2.66,84.351,1491062.7,4.8,3.4,,,,50.503587,50.878596,0,0,0,0,0
서울특별시,양천구,신월동,2010-08-01,신월시영,50.67,23500.0,구축,대단지,소형,소형,초품아,0,0,2.25,2.63,83.765,1485791.7,4.81,3.3,,,,50.546003,50.604044,0,0,0,0,0
서울특별시,양천구,신월동,2010-07-01,신월시영,50.67,23500.0,구축,대단지,소형,소형,초품아,0,0,2.25,2.58,83.514,1484229.9,4.7,3.7,,,,51.045778,50.558677,0,0,0,0,0
서울특별시,양천구,신월동,2010-06-01,신월시영,50.67,23500.0,구축,대단지,소형,소형,초품아,0,0,2.0,2.45,83.431,1468650.6,4.62,3.5,,,,51.669117,50.416913,0,0,0,0,0
서울특별시,양천구,신월동,2010-05-01,신월시영,50.67,23500.0,구축,대단지,소형,소형,초품아,0,0,2.0,2.45,83.431,1459344.5,4.78,3.2,,,,51.949432,50.299991,0,0,0,0,0
서울특별시,양천구,신월동,2010-04-01,신월시영,50.67,23500.0,구축,대단지,소형,소형,초품아,0,0,2.0,2.51,83.263,1449250.7,5.07,3.7,,,,52.163231,50.284594,0,0,0,0,0
서울특별시,양천구,신월동,2010-03-01,신월시영,50.67,23500.0,구축,대단지,소형,소형,초품아,0,0,2.0,2.83,83.263,1435041.9,5.47,4.1,,,,52.281395,50.339581,0,0,0,0,0
서울특별시,양천구,신월동,2010-02-01,신월시영,50.67,23500.0,구축,대단지,소형,소형,초품아,0,0,2.0,2.88,83.179,1426953.0,5.75,4.8,,,,52.276489,50.502484,0,0,0,0,0
서울특별시,양천구,신월동,2010-01-01,신월시영,50.67,23500.0,구축,대단지,소형,소형,초품아,0,0,2.0,2.88,83.012,1402555.5,5.88,5.0,,,,52.102732,50.418376,0,0,0,0,0
